dish_name,dish_description,tags,price,dish_type,ingredients,total_calorie,total_protein,is_veg,allergens_present,spice_level,meal_time,popularity_category,embedding_text,tags_sentiment,base_combo_pairing,min_num_people_serves
Vegetable Chop,"A tasty street snacks of Kolkata's Babu culture made of beetroot, peanuts and coconut, covered with bread crumbs, deep fried and served with kasundi.","['street snack', 'beetroot', 'peanut', 'coconut', 'kasundi']",16,VEG STARTER,"['beetroot', 'peanut', 'coconut', 'potato', 'bread crumbs']",250,7,TRUE,"['peanuts', 'coconut', 'gluten']",Mild,"['Evening Snack', 'Lunch']",Medium,"Vegetable Chop - A tasty street snacks of Kolkata's Babu culture made of beetroot, peanuts and coconut, covered with bread crumbs, deep fried and served with kasundi. ['street snack', 'beetroot', 'peanut', 'coconut', 'kasundi']. True, VEG STARTER. ['Evening Snack', 'Lunch']. Medium.","['comfort', 'craveable', 'crispy']",NA,1
Mochar Chop,"A cherished Bengali treat combined of banana flower with potato and homemade aromated spices, prepared without onion garlic.","['banana flower', 'potato', 'homemade spices', 'no onion', 'no garlic']",18,VEG STARTER,"['banana blossom', 'potato', 'spices']",150,3,TRUE,['mustard'],Mild,"['Evening Snack', 'Lunch']",Medium,"Mochar Chop - A cherished Bengali treat combined of banana flower with potato and homemade aromated spices, prepared without onion garlic. ['banana flower', 'potato', 'homemade spices', 'no onion', 'no garlic']. True, VEG STARTER. ['Evening Snack', 'Lunch']. Medium.","['traditional', 'authentic', 'delicate']",NA,2
Much Muche Chal Kumro,"A very dynamic Bengali snack made of ash gourd (Chal Kumro), stuffed like a pillow with a filling of coconut, potato, mixed in exotic spices, herbs etc., coated and deep fried till crispy (much muche).","['ash gourd', 'coconut', 'potato', 'exotic spices', 'herbs', 'crispy']",22,VEG STARTER,"['ash gourd', 'coconut', 'potato', 'spices']",250,3,TRUE,['coconut'],Mild,"['Evening Snack', 'Lunch']",Medium,"Much Muche Chal Kumro - A very dynamic Bengali snack made of ash gourd (Chal Kumro), stuffed like a pillow with a filling of coconut, potato, mixed in exotic spices, herbs etc., coated and deep fried till crispy (much muche). ['ash gourd', 'coconut', 'potato', 'exotic spices', 'herbs', 'crispy']. True, VEG STARTER. ['Evening Snack', 'Lunch']. Medium.","['unique', 'craveable', 'crispy']",NA,1
Deviled Egg (Chicken),"A mouth watering snack of hard boiled egg, covered with minced chicken coated with bread crumbs and deep fried.","['hard boiled egg', 'minced chicken', 'bread crumbs', 'deep fried']",24,NON-VEG STARTER,"['egg', 'minced chicken', 'bread crumbs']",420,28,FALSE,"['egg', 'gluten']",Medium,"['Evening Snack', 'Dinner']",Medium,"Deviled Egg (Chicken) - A mouth watering snack of hard boiled egg, covered with minced chicken coated with bread crumbs and deep fried. ['hard boiled egg', 'minced chicken', 'bread crumbs', 'deep fried']. False, NON-VEG STARTER. ['Evening Snack', 'Dinner']. Medium.","['craveable', 'rich', 'comfort']",NA,2
Deviled Egg (Mutton),"A mouth watering snack of hard boiled egg, covered with minced mutton coated with bread crumbs and deep fried.","['hard boiled egg', 'minced mutton', 'bread crumbs', 'deep fried']",26,NON-VEG STARTER,"['egg', 'minced mutton', 'bread crumbs']",420,28,FALSE,"['egg', 'gluten']",Medium,"['Evening Snack', 'Dinner']",Medium,"Deviled Egg (Mutton) - A mouth watering snack of hard boiled egg, covered with minced mutton coated with bread crumbs and deep fried. ['hard boiled egg', 'minced mutton', 'bread crumbs', 'deep fried']. False, NON-VEG STARTER. ['Evening Snack', 'Dinner']. Medium.","['craveable', 'rich', 'comfort']",NA,2
Chicken Cutlet,Succulent crispy breaded chicken cutlets are thin sliced chicken breasts coated in bread crumbs and home made ground spices deepfried and served with kasundi.,"['chicken breast', 'bread crumbs', 'spices', 'kasundi', 'deep fried']",18,NON-VEG STARTER,"['chicken breast', 'bread crumbs', 'spices', 'mustard']",400,20,FALSE,"['gluten', 'mustard']",Medium,"['Evening Snack', 'Lunch']",Medium,"Chicken Cutlet - Succulent crispy breaded chicken cutlets are thin sliced chicken breasts coated in bread crumbs and home made ground spices deepfried and served with kasundi. ['chicken breast', 'bread crumbs', 'spices', 'kasundi', 'deep fried']. False, NON-VEG STARTER. ['Evening Snack', 'Lunch']. Medium.","['crispy', 'craveable', 'classic']",NA,2
Calcutta Fish Fry,"Chefs special dish. A Homemade marinated Bhetki fillet crumb coated and deep fried, served with salad, Cabbage/Tartar Sauce.","['bhetki fillet', 'crumb coated', 'deep fried', 'salad', 'tartar sauce']",27,NON-VEG STARTER,"['bhetki fish', 'breadcrumbs', 'spices']",370,20,FALSE,"['fish', 'gluten', 'egg']",Medium,"['Evening Snack', 'Lunch']",High,"Calcutta Fish Fry - Chefs special dish. A Homemade marinated Bhetki fillet crumb coated and deep fried, served with salad, Cabbage/Tartar Sauce. ['bhetki fillet', 'crumb coated', 'deep fried', 'salad', 'tartar sauce']. False, NON-VEG STARTER. ['Evening Snack', 'Lunch']. High.","['special', 'craveable', 'rich']",NA,1
Prawn Cutlet,"A sumptuous Bengali appetizer marinated with exotic spices crumb coated with crumbs, fried and served with dips.","['prawn', 'exotic spices', 'crumb coated', 'fried', 'dips']",31,NON-VEG STARTER,"['prawn', 'breadcrumbs', 'spices']",350,20,FALSE,"['shellfish', 'gluten']",Medium,"['Evening Snack', 'Dinner']",Medium,"Prawn Cutlet - A sumptuous Bengali appetizer marinated with exotic spices crumb coated with crumbs, fried and served with dips. ['prawn', 'exotic spices', 'crumb coated', 'fried', 'dips']. False, NON-VEG STARTER. ['Evening Snack', 'Dinner']. Medium.","['rich', 'indulgent', 'special']",NA,1
Gondhoraj Chicken,A Lip Smacking Appetizer from Bengal marinated with kaffir lime and other spices.,"['kaffir lime', 'appetizer', 'spices']",26,NON-VEG STARTER,"['chicken', 'kaffir lime', 'spices']",300,18,FALSE,['dairy'],Mild,"['Evening Snack', 'Lunch']",Medium,"Gondhoraj Chicken - A Lip Smacking Appetizer from Bengal marinated with kaffir lime and other spices. ['kaffir lime', 'appetizer', 'spices']. False, NON-VEG STARTER. ['Evening Snack', 'Lunch']. Medium.","['refreshing', 'tangy', 'light']",NA,2
Tangra Chilli Chicken,"Tangra, the place where first Indianized chinese was born in India. Taste the best, mixed with an Indian style of cooking added with a tangy and sweet touch.","['indianized chinese', 'tangy', 'sweet']",32,NON-VEG STARTER,"['chicken', 'bell peppers', 'chilli', 'soy sauce']",350,18,FALSE,"['soy', 'gluten']",Medium,"['Evening Snack', 'Dinner']",Medium,"Tangra Chilli Chicken - Tangra, the place where first Indianized chinese was born in India. Taste the best, mixed with an Indian style of cooking added with a tangy and sweet touch. ['indianized chinese', 'tangy', 'sweet']. False, NON-VEG STARTER. ['Evening Snack', 'Dinner']. Medium.","['craveable', 'fusion', 'sweet_n_sour']",NA,2
Plain Rice,Steamed Stabbag Rice.,['steamed'],12,RICE,['basmati rice'],50,2,TRUE,[],Mild,"['Lunch', 'Dinner']",High,"Plain Rice - Steamed Stabbag Rice. ['steamed']. True, RICE. ['Lunch', 'Dinner']. High.","['basic', 'neutral', 'comfort']",Alu Murgir Jhol,1
Basanti Pulao,"A traditional aromated Bengali Pulao made with cashew and raisins. This no onion garlic yellow Pulao, served with an aromatic aroma can be eaten with any rich vegetarian and non-vegetarian curry.","['traditional', 'cashew', 'raisins', 'no onion', 'no garlic', 'yellow']",24,RICE,"['basmati rice', 'ghee', 'cashew', 'raisins']",150,4,TRUE,"['nuts', 'dairy']",Mild,"['Lunch', 'Dinner', 'Celebration']",Best Seller,"Basanti Pulao - A traditional aromated Bengali Pulao made with cashew and raisins. This no onion garlic yellow Pulao, served with an aromatic aroma can be eaten with any rich vegetarian and non-vegetarian curry. ['traditional', 'cashew', 'raisins', 'no onion', 'no garlic', 'yellow']. True, RICE. ['Lunch', 'Dinner', 'Celebration']. Best Seller.","['celebratory', 'rich', 'aromatic']",Chicken Kosha,3
Mangsho Pulao,A flavourful one-pot meal made with tender marinated meat pieces & fragrant basmati rice.,"['one-pot meal', 'tender meat', 'basmati rice', 'fragrant']",52,RICE,"['basmati rice', 'mutton', 'spices']",550,22,FALSE,['dairy'],Medium,"['Lunch', 'Dinner']",Medium,"Mangsho Pulao - A flavourful one-pot meal made with tender marinated meat pieces & fragrant basmati rice. ['one-pot meal', 'tender meat', 'basmati rice', 'fragrant']. False, RICE. ['Lunch', 'Dinner']. Medium.","['comfort', 'indulgent', 'heavy']",NA,2
Ilish Bhapa Pulao,"It is a special dish prepared in a traditional way, mixed with tender rich pieces of Hilsa (Ilish) fish and fragrant rice.","['hilsa fish', 'fragrant rice', 'traditional', 'special dish']",60,RICE,"['basmati rice', 'ilish fish', 'mustard']",400,20,FALSE,"['fish', 'mustard']",Medium,"['Lunch', 'Dinner', 'Celebration']",Low,"Ilish Bhapa Pulao - It is a special dish prepared in a traditional way, mixed with tender rich pieces of Hilsa (Ilish) fish and fragrant rice. ['hilsa fish', 'fragrant rice', 'traditional', 'special dish']. False, RICE. ['Lunch', 'Dinner', 'Celebration']. Low.","['authentic', 'special', 'rich']",NA,2
Bengali Mung Dal,Bengali moong dal boiled and spluttered with ghee and whole spices.,"['moong dal', 'ghee', 'whole spices']",21,DAL,"['moong dal', 'ghee', 'spices']",100,12,TRUE,['dairy'],Mild,"['Lunch', 'Dinner']",High,"Bengali Mung Dal - Bengali moong dal boiled and spluttered with ghee and whole spices. ['moong dal', 'ghee', 'whole spices']. True, DAL. ['Lunch', 'Dinner']. High.","['comfort', 'basic', 'wholesome']",Luchi,2
Lebu Musur Dal,An aromatic Masoor Dal cooked with lime leaves.,"['masoor dal', 'aromatic', 'lime leaves']",23,DAL,"['masoor dal', 'lime leaves']",50,12,TRUE,[],Mild,"['Lunch', 'Dinner']",Medium,"Lebu Musur Dal - An aromatic Masoor Dal cooked with lime leaves. ['masoor dal', 'aromatic', 'lime leaves']. True, DAL. ['Lunch', 'Dinner']. Medium.","['refreshing', 'light', 'aromatic']",Plain Rice,2
Thakur Barir Cholar Dal,"A slow cooked Bengali gram lentil seasoned with ghee, chopped coconut and asafoetida.","['gram lentil', 'slow cooked', 'ghee', 'coconut', 'asafoetida']",24,DAL,"['chana dal', 'ghee', 'coconut', 'asafoetida']",100,14,TRUE,"['dairy', 'coconut']",Mild,"['Lunch', 'Dinner', 'Breakfast']",Medium,"Thakur Barir Cholar Dal - A slow cooked Bengali gram lentil seasoned with ghee, chopped coconut and asafoetida. ['gram lentil', 'slow cooked', 'ghee', 'coconut', 'asafoetida']. True, DAL. ['Lunch', 'Dinner', 'Breakfast']. Medium.","['traditional', 'rich', 'comfort']",Luchi,3
Mudo Dal,"Kalia head fried and cooked with Moong Dal and aromated spices, finished with ghee and garam masala.","['fish head', 'moong dal', 'spices', 'ghee', 'garam masala']",25,DAL,"['fish head', 'moong dal', 'spices', 'ghee']",100,17,FALSE,"['fish', 'dairy']",Medium,"['Lunch', 'Dinner']",Low,"Mudo Dal - Kalia head fried and cooked with Moong Dal and aromated spices, finished with ghee and garam masala. ['fish head', 'moong dal', 'spices', 'ghee', 'garam masala']. False, DAL. ['Lunch', 'Dinner']. Low.","['authentic', 'rich', 'unique']",NA,3
Jhur Jhure Aloo Bhaja,"Deep fried grated potato, seasoned with special spices and fried peanuts.","['deep fried', 'grated potato', 'spices', 'peanuts']",14,FRIED ITEM,"['potato', 'peanuts', 'spices']",170,3,TRUE,['peanuts'],Mild,"['Evening Snack', 'Lunch', 'Dinner']",High,"Jhur Jhure Aloo Bhaja - Deep fried grated potato, seasoned with special spices and fried peanuts. ['deep fried', 'grated potato', 'spices', 'peanuts']. True, FRIED ITEM. ['Evening Snack', 'Lunch', 'Dinner']. High.","['crispy', 'basic', 'comfort']",NA,1
Begun Bhaja,"Long slices of eggplants marinated with salt and turmeric, fried till perfection.","['eggplant', 'marinated', 'salt', 'turmeric', 'fried']",12,FRIED ITEM,"['eggplant', 'turmeric', 'mustard oil']",120,2,TRUE,[],Mild,"['Lunch', 'Dinner']",High,"Begun Bhaja - Long slices of eggplants marinated with salt and turmeric, fried till perfection. ['eggplant', 'marinated', 'salt', 'turmeric', 'fried']. True, FRIED ITEM. ['Lunch', 'Dinner']. High.","['basic', 'comfort', 'crispy']",NA,1
Beguni,Goes well with every occasion of Bengali cuisine. Thin long slice of eggplant dipped into a mild spicy runny chickpea batter deep fried till golden brown.,"['eggplant', 'chickpea batter', 'deep fried', 'spicy']",14,FRIED ITEM,"['eggplant', 'chickpea flour', 'spices']",170,5,TRUE,[],Mild,"['Evening Snack', 'Lunch', 'Dinner']",Medium,"Beguni - Goes well with every occasion of Bengali cuisine. Thin long slice of eggplant dipped into a mild spicy runny chickpea batter deep fried till golden brown. ['eggplant', 'chickpea batter', 'deep fried', 'spicy']. True, FRIED ITEM. ['Evening Snack', 'Lunch', 'Dinner']. Medium.","['craveable', 'crispy', 'comfort']",NA,2
Mach Bhaja Rui,"A seasoned Rui fish/Katla/Ilish Mach in turmeric and salt, later deep fried with mustard oil.","['rui fish', 'seasoned', 'turmeric', 'salt', 'deep fried', 'mustard oil']",20,FRIED ITEM,"['rui fish', 'turmeric', 'mustard oil']",100,17,FALSE,"['fish', 'mustard']",Medium,"['Lunch', 'Dinner']",High,"Mach Bhaja Rui - A seasoned Rui fish/Katla/Ilish Mach in turmeric and salt, later deep fried with mustard oil. ['rui fish', 'seasoned', 'turmeric', 'salt', 'deep fried', 'mustard oil']. False, FRIED ITEM. ['Lunch', 'Dinner']. High.","['basic', 'traditional', 'flavourful']",NA,1
Mach Bhaja Katla,"A seasoned Rui fish/Katla/Ilish Mach in turmeric and salt, later deep fried with mustard oil.","['katla fish', 'seasoned', 'turmeric', 'salt', 'deep fried', 'mustard oil']",22,FRIED ITEM,"['katla fish', 'turmeric', 'mustard oil']",100,17,FALSE,"['fish', 'mustard']",Medium,"['Lunch', 'Dinner']",Medium,"Mach Bhaja Katla - A seasoned Rui fish/Katla/Ilish Mach in turmeric and salt, later deep fried with mustard oil. ['katla fish', 'seasoned', 'turmeric', 'salt', 'deep fried', 'mustard oil']. False, FRIED ITEM. ['Lunch', 'Dinner']. Medium.","['basic', 'traditional', 'flavourful']",NA,1
Mach Bhaja Ilish,"A seasoned Rui fish/Katla/Ilish Mach in turmeric and salt, later deep fried with mustard oil.","['ilish fish', 'seasoned', 'turmeric', 'salt', 'deep fried', 'mustard oil']",32,FRIED ITEM,"['ilish fish', 'turmeric', 'mustard oil']",100,17,FALSE,"['fish', 'mustard']",Medium,"['Lunch', 'Dinner']",High,"Mach Bhaja Ilish - A seasoned Rui fish/Katla/Ilish Mach in turmeric and salt, later deep fried with mustard oil. ['ilish fish', 'seasoned', 'turmeric', 'salt', 'deep fried', 'mustard oil']. False, FRIED ITEM. ['Lunch', 'Dinner']. High.","['basic', 'traditional', 'flavourful']",NA,1
Pomfret Special,"Whole Pomfret seasoned with in-house spices, yogurt marinade cooked in tandoor and served with tangy chutney.","['whole pomfret', 'in-house spices', 'yogurt marinade', 'tandoor', 'tangy chutney']",45,FRIED ITEM,"['pomfret fish', 'yogurt', 'spices']",100,19,FALSE,"['fish', 'dairy']",Medium,"['Dinner', 'Celebration']",Medium,"Pomfret Special - Whole Pomfret seasoned with in-house spices, yogurt marinade cooked in tandoor and served with tangy chutney. ['whole pomfret', 'in-house spices', 'yogurt marinade', 'tandoor', 'tangy chutney']. False, FRIED ITEM. ['Dinner', 'Celebration']. Medium.","['special', 'rich', 'tangy']",NA,1
Luchi,A deep fried fluffy bread made of white flour.,"['deep fried', 'fluffy bread', 'white flour']",12,BREADS,"['refined flour', 'ghee']",100,2,TRUE,"['gluten', 'dairy']",Mild,"['Breakfast', 'Lunch', 'Dinner']",Best Seller,"Luchi - A deep fried fluffy bread made of white flour. ['deep fried', 'fluffy bread', 'white flour']. True, BREADS. ['Breakfast', 'Lunch', 'Dinner']. Best Seller.","['comfort', 'basic', 'fluffy']",Thakur Barir Cholar Dal,1
Dal Puri,"A deep fried fluffy bread stuffed with chana dal filling, aromated with ginger and home-made spices.","['deep fried', 'fluffy bread', 'stuffed', 'chana dal', 'ginger', 'homemade spices']",14,BREADS,"['refined flour', 'chana dal', 'ginger', 'spices']",100,7,TRUE,['gluten'],Mild,"['Breakfast', 'Lunch', 'Dinner']",Medium,"Dal Puri - A deep fried fluffy bread stuffed with chana dal filling, aromated with ginger and home-made spices. ['deep fried', 'fluffy bread', 'stuffed', 'chana dal', 'ginger', 'homemade spices']. True, BREADS. ['Breakfast', 'Lunch', 'Dinner']. Medium.","['comfort', 'traditional', 'rich']",NA,2
Koraishutir Kochuri,"A deep fried fluffy bread stuffed with gree pea filling, flavored and spiced with asafoetida and home made spices.","['deep fried', 'fluffy bread', 'stuffed', 'green pea', 'asafoetida', 'homemade spices']",14,BREADS,"['refined flour', 'green pea', 'asafoetida', 'spices']",100,7,TRUE,['gluten'],Mild,"['Breakfast', 'Lunch', 'Dinner']",Medium,"Koraishutir Kochuri - A deep fried fluffy bread stuffed with gree pea filling, flavored and spiced with asafoetida and home made spices. ['deep fried', 'fluffy bread', 'stuffed', 'green pea', 'asafoetida', 'homemade spices']. True, BREADS. ['Breakfast', 'Lunch', 'Dinner']. Medium.","['comfort', 'traditional', 'rich']",NA,1
Mochar Kochuri (Seasonal),A flavourful special kochuri made with mocha stuffing.,"['seasonal', 'special kochuri', 'mocha stuffing']",16,BREADS,"['refined flour', 'banana blossom']",100,3,TRUE,['gluten'],Mild,"['Lunch', 'Dinner']",Low,"Mochar Kochuri (Seasonal) - A flavourful special kochuri made with mocha stuffing. ['seasonal', 'special kochuri', 'mocha stuffing']. True, BREADS. ['Lunch', 'Dinner']. Low.","['seasonal', 'special', 'traditional']",NA,1
Shukto,A traditional and renowned palate of Bengali cuisine. A little pungent and bitter in taste made of bitter gourd and other green vegetables seasoned with panch phoron and mustard paste.,"['traditional', 'pungent', 'bitter gourd', 'green vegetables', 'panch phoron', 'mustard paste']",23,MAINS VEG,"['bitter gourd', 'vegetables', 'mustard paste', 'milk']",150,7,TRUE,"['mustard', 'dairy']",Mild,"['Lunch', 'Dinner']",Medium,"Shukto - A traditional and renowned palate of Bengali cuisine. A little pungent and bitter in taste made of bitter gourd and other green vegetables seasoned with panch phoron and mustard paste. ['traditional', 'pungent', 'bitter gourd', 'green vegetables', 'panch phoron', 'mustard paste']. True, MAINS VEG. ['Lunch', 'Dinner']. Medium.","['traditional', 'healthy', 'light']",Plain Rice,2
Bhaja Moshla Alu Dom,"A mild sweet, spicy, tangy baby potato's semi dry curry seasoned with aromatically slow roasted special spices commonly called as 'BHAJA MOSHLA' in Bengal.","['baby potato', 'semi dry curry', 'mild', 'sweet', 'spicy', 'tangy', 'bhaja moshla']",24,MAINS VEG,"['baby potato', 'spices', 'ghee']",150,7,TRUE,['dairy'],Medium,"['Lunch', 'Dinner']",High,"Bhaja Moshla Alu Dom - A mild sweet, spicy, tangy baby potato's semi dry curry seasoned with aromatically slow roasted special spices commonly called as 'BHAJA MOSHLA' in Bengal. ['baby potato', 'semi dry curry', 'mild', 'sweet', 'spicy', 'tangy', 'bhaja moshla']. True, MAINS VEG. ['Lunch', 'Dinner']. High.","['comfort', 'sweet', 'spicy']",Luchi,3
Potoler Dolma,"The whole parwal means stuffed. This classic dish is filled with coconut, dryfruits, in-house spices and cooked in thin gravy.","['parwal', 'stuffed', 'coconut', 'dryfruits', 'in-house spices', 'thin gravy', 'classic']",26,MAINS VEG,"['parwal', 'coconut', 'dryfruits', 'spices']",150,7,TRUE,"['coconut', 'nuts']",Medium,"['Lunch', 'Dinner']",Medium,"Potoler Dolma - The whole parwal means stuffed. This classic dish is filled with coconut, dryfruits, in-house spices and cooked in thin gravy. ['parwal', 'stuffed', 'coconut', 'dryfruits', 'in-house spices', 'thin gravy', 'classic']. True, MAINS VEG. ['Lunch', 'Dinner']. Medium.","['rich', 'classic', 'authentic']",Basanti Pulao,2
Dhokar Dalna,"The word dhoka means 'Cheated', so it often plays a joke with ones true life. Kids with these flavourful lentil cakes made with ground spices and nuts instead of meat.","['lentil cakes', 'ground spices', 'nuts', 'flavourful']",25,MAINS VEG,"['lentil cakes', 'spices', 'nuts']",200,12,TRUE,['nuts'],Medium,"['Lunch', 'Dinner']",Medium,"Dhokar Dalna - The word dhoka means 'Cheated', so it often plays a joke with ones true life. Kids with these flavourful lentil cakes made with ground spices and nuts instead of meat. ['lentil cakes', 'ground spices', 'nuts', 'flavourful']. True, MAINS VEG. ['Lunch', 'Dinner']. Medium.","['traditional', 'flavourful', 'rich']",Luchi,2
Bahari Bati Chorchori,"A traditional Bengali dish prepared by mixing various seasonal vegetables, cooked together with home made spices.","['traditional', 'seasonal vegetables', 'mixed vegetables', 'homemade spices']",36,MAINS VEG,"['seasonal vegetables', 'spices']",150,7,TRUE,['mustard'],Medium,"['Lunch', 'Dinner']",Low,"Bahari Bati Chorchori - A traditional Bengali dish prepared by mixing various seasonal vegetables, cooked together with home made spices. ['traditional', 'seasonal vegetables', 'mixed vegetables', 'homemade spices']. True, MAINS VEG. ['Lunch', 'Dinner']. Low.","['healthy', 'wholesome', 'traditional']",Plain Rice,3
Koshe Kosha Echor (Seasonal),A classic Bengali delicacy made of tender jackfruit and potato with other home made spices finished with ghee and garam masala.,"['seasonal', 'jackfruit', 'potato', 'homemade spices', 'ghee', 'garam masala', 'classic']",32,MAINS VEG,"['jackfruit', 'potato', 'spices', 'ghee']",150,7,TRUE,['dairy'],Medium,"['Lunch', 'Dinner']",Medium,"Koshe Kosha Echor (Seasonal) - A classic Bengali delicacy made of tender jackfruit and potato with other home made spices finished with ghee and garam masala. ['seasonal', 'jackfruit', 'potato', 'homemade spices', 'ghee', 'garam masala', 'classic']. True, MAINS VEG. ['Lunch', 'Dinner']. Medium.","['classic', 'rich', 'comfort']",Basanti Pulao,3
Alu Phulkopi Paneer er Dalna,"A delicious Bengali dish of cauliflower (phulkopi) cooked with paneer, alu and blend of aromatic spices, creating a harmonious balance of warmth & sweetness.","['cauliflower', 'paneer', 'potato', 'aromatic spices', 'warmth', 'sweetness', 'delicious']",40,MAINS VEG,"['cauliflower', 'paneer', 'potato', 'spices']",250,15,TRUE,['dairy'],Medium,"['Lunch', 'Dinner']",Medium,"Alu Phulkopi Paneer er Dalna - A delicious Bengali dish of cauliflower (phulkopi) cooked with paneer, alu and blend of aromatic spices, creating a harmonious balance of warmth & sweetness. ['cauliflower', 'paneer', 'potato', 'aromatic spices', 'warmth', 'sweetness', 'delicious']. True, MAINS VEG. ['Lunch', 'Dinner']. Medium.","['comfort', 'sweet', 'warm']",Luchi,3
Mochar Ghonto,A traditional Bengali vegetable's dish prepared with Banana blossom (mocha).,"['traditional', 'banana blossom', 'mocha', 'vegetable dish']",34,MAINS VEG,"['banana blossom', 'coconut', 'spices']",150,7,TRUE,['coconut'],Mild,"['Lunch', 'Dinner']",Low,"Mochar Ghonto - A traditional Bengali vegetable's dish prepared with Banana blossom (mocha). ['traditional', 'banana blossom', 'mocha', 'vegetable dish']. True, MAINS VEG. ['Lunch', 'Dinner']. Low.","['traditional', 'authentic', 'light']",Plain Rice,2
Alu Murgir Jhol,An all time favourite simple home style dish of chicken cooked in light soupy gravy with thin sliced potato chunks teamed with hot steamed Basmati Rice.,"['chicken', 'home style', 'light gravy', 'potato chunks', 'basmati rice', 'favourite']",36,MAINS NON-VEG (MEAT),"['chicken', 'potato', 'ginger', 'spices']",550,30,FALSE,[],Medium,"['Lunch', 'Dinner']",Best Seller,"Alu Murgir Jhol - An all time favourite simple home style dish of chicken cooked in light soupy gravy with thin sliced potato chunks teamed with hot steamed Basmati Rice. ['chicken', 'home style', 'light gravy', 'potato chunks', 'basmati rice', 'favourite']. False, MAINS NON-VEG (MEAT). ['Lunch', 'Dinner']. Best Seller.","['comfort', 'wholesome', 'light']",Plain Rice,2
Kancha Lonka Dhonepata Diye Murgi,A signature dish from BabuMoshai. Soft tender chicken cooked in fresh coriander green paste and green chillis simmered to perfection.,"['signature dish', 'chicken', 'coriander green paste', 'green chillis', 'soft', 'tender']",35,MAINS NON-VEG (MEAT),"['chicken', 'coriander', 'green chilli', 'yoghurt']",500,28,FALSE,['dairy'],Hot,"['Dinner', 'Celebration']",High,"Kancha Lonka Dhonepata Diye Murgi - A signature dish from BabuMoshai. Soft tender chicken cooked in fresh coriander green paste and green chillis simmered to perfection. ['signature dish', 'chicken', 'coriander green paste', 'green chillis', 'soft', 'tender']. False, MAINS NON-VEG (MEAT). ['Dinner', 'Celebration']. High.","['special', 'spicy', 'refreshing']",Plain Rice,3
Chicken Kosha,Chicken pieces marinated with in-house spices continuously braising the meat over a slow-fire gas to give the rich thick brownish thick rich mouthwatering gravy.,"['chicken', 'marinated', 'in-house spices', 'slow-fire', 'rich gravy', 'brownish']",32,MAINS NON-VEG (MEAT),"['chicken', 'onion', 'ginger', 'garlic', 'spices']",550,30,FALSE,[],Hot,"['Lunch', 'Dinner']",Best Seller,"Chicken Kosha - Chicken pieces marinated with in-house spices continuously braising the meat over a slow-fire gas to give the rich thick brownish thick rich mouthwatering gravy. ['chicken', 'marinated', 'in-house spices', 'slow-fire', 'rich gravy', 'brownish']. False, MAINS NON-VEG (MEAT). ['Lunch', 'Dinner']. Best Seller.","['rich', 'indulgent', 'classic']",Basanti Pulao,4
Mutton Alu Jhol,A classic weekend age old delicacy straight from Dadi's diary of mutton pieces cooked in thin spicy gravy with potato chunks teamed with hot steamed basmati rice.,"['mutton', 'classic', 'weekend delicacy', 'thin gravy', 'spicy', 'potato chunks', 'basmati rice']",41,MAINS NON-VEG (MEAT),"['mutton', 'potato', 'ginger', 'spices']",650,35,FALSE,[],Medium,"['Lunch', 'Dinner', 'Weekend']",High,"Mutton Alu Jhol - A classic weekend age old delicacy straight from Dadi's diary of mutton pieces cooked in thin spicy gravy with potato chunks teamed with hot steamed basmati rice. ['mutton', 'classic', 'weekend delicacy', 'thin gravy', 'spicy', 'potato chunks', 'basmati rice']. False, MAINS NON-VEG (MEAT). ['Lunch', 'Dinner', 'Weekend']. High.","['comfort', 'wholesome', 'classic']",Plain Rice,2
BabuMoshai Special Mutton Kosha,"Its not a dish but an emotion of Bengali cuisine. A rich, flavourful spicy semi dry tender meat curry made with home-fed special powder dry spices seasoned with garam masala.","['mutton', 'special', 'rich', 'flavourful', 'spicy', 'semi dry curry', 'tender meat', 'garam masala']",42,MAINS NON-VEG (MEAT),"['mutton', 'onion', 'ginger', 'garlic', 'spices']",600,35,FALSE,[],Hot,"['Lunch', 'Dinner', 'Celebration']",Best Seller,"BabuMoshai Special Mutton Kosha - Its not a dish but an emotion of Bengali cuisine. A rich, flavourful spicy semi dry tender meat curry made with home-fed special powder dry spices seasoned with garam masala. ['mutton', 'special', 'rich', 'flavourful', 'spicy', 'semi dry curry', 'tender meat', 'garam masala']. False, MAINS NON-VEG (MEAT). ['Lunch', 'Dinner', 'Celebration']. Best Seller.","['indulgent', 'rich', 'celebratory']",Basanti Pulao,2
Bhuna Mutton,"A delicious, flavorful, slow-cooked mutton dish prepared with an aromatic spiced gravy and condiments where its tenderness and the flavors are well-developed.","['mutton', 'delicious', 'flavorful', 'slow-cooked', 'aromatic', 'spiced gravy', 'tender']",44,MAINS NON-VEG (MEAT),"['mutton', 'onion', 'ginger', 'spices']",550,30,FALSE,[],Medium,"['Dinner', 'Celebration']",Medium,"Bhuna Mutton - A delicious, flavorful, slow-cooked mutton dish prepared with an aromatic spiced gravy and condiments where its tenderness and the flavors are well-developed. ['mutton', 'delicious', 'flavorful', 'slow-cooked', 'aromatic', 'spiced gravy', 'tender']. False, MAINS NON-VEG (MEAT). ['Dinner', 'Celebration']. Medium.","['rich', 'indulgent', 'flavourful']",Basanti Pulao,3
Shorshe Dimer Kaliya,"A very popular dish, prepared with boiled eggs cooked in a rich aromatic mustard gravy.","['boiled eggs', 'rich gravy', 'aromatic', 'mustard gravy', 'popular']",27,MAINS NON-VEG (FISH),"['egg', 'mustard paste', 'spices']",400,20,FALSE,"['egg', 'mustard']",Medium,"['Lunch', 'Dinner']",Medium,"Shorshe Dimer Kaliya - A very popular dish, prepared with boiled eggs cooked in a rich aromatic mustard gravy. ['boiled eggs', 'rich gravy', 'aromatic', 'mustard gravy', 'popular']. False, MAINS NON-VEG (FISH). ['Lunch', 'Dinner']. Medium.","['rich', 'comfort', 'aromatic']",Plain Rice,2
Rui Kaliya,Rohu fried and cooked in mustard oil and sliced onion and home-made spices.,"['rohu fish', 'fried', 'mustard oil', 'sliced onion', 'homemade spices']",31,MAINS NON-VEG (FISH),"['rohu fish', 'mustard oil', 'spices']",450,25,FALSE,"['fish', 'mustard']",Medium,"['Lunch', 'Dinner']",High,"Rui Kaliya - Rohu fried and cooked in mustard oil and sliced onion and home-made spices. ['rohu fish', 'fried', 'mustard oil', 'sliced onion', 'homemade spices']. False, MAINS NON-VEG (FISH). ['Lunch', 'Dinner']. High.","['traditional', 'rich', 'flavourful']",Plain Rice,2
Doi Katla,"Doi Katla, also called as Doi Mach, is a very traditional dish of Bengali cuisine. Katla fish prepared in mild gravy made with curd, cashew and home made spices.","['katla fish', 'traditional', 'mild gravy', 'curd', 'cashew', 'homemade spices']",35,MAINS NON-VEG (FISH),"['katla fish', 'curd', 'cashew', 'spices']",450,25,FALSE,"['fish', 'dairy', 'nuts']",Mild,"['Lunch', 'Dinner', 'Celebration']",Medium,"Doi Katla - Doi Katla, also called as Doi Mach, is a very traditional dish of Bengali cuisine. Katla fish prepared in mild gravy made with curd, cashew and home made spices. ['katla fish', 'traditional', 'mild gravy', 'curd', 'cashew', 'homemade spices']. False, MAINS NON-VEG (FISH). ['Lunch', 'Dinner', 'Celebration']. Medium.","['traditional', 'mild', 'rich']",Basanti Pulao,2
Pabda Macher Jhal,A flavourful Bengali fish curry lightly cooked with pabda fish and very minimal spices and oil.,"['pabda fish', 'flavourful', 'lightly cooked', 'minimal spices']",42,MAINS NON-VEG (FISH),"['pabda fish', 'mustard oil', 'spices']",450,25,FALSE,"['fish', 'mustard']",Medium,"['Lunch', 'Dinner']",Medium,"Pabda Macher Jhal - A flavourful Bengali fish curry lightly cooked with pabda fish and very minimal spices and oil. ['pabda fish', 'flavourful', 'lightly cooked', 'minimal spices']. False, MAINS NON-VEG (FISH). ['Lunch', 'Dinner']. Medium.","['light', 'flavourful', 'delicate']",Plain Rice,2
Aam Pabda Shorshe,"Signature mouthwatering dish from BabuMoshai. Pabda is fried in mustard oil and cooked with fine slices of raw mango, mustard paste and simmered to perfection.","['signature dish', 'pabda fish', 'fried', 'mustard oil', 'raw mango', 'mustard paste']",42,MAINS NON-VEG (FISH),"['pabda fish', 'raw mango', 'mustard paste']",450,25,FALSE,"['fish', 'mustard']",Medium,"['Lunch', 'Dinner', 'Seasonal']",High,"Aam Pabda Shorshe - Signature mouthwatering dish from BabuMoshai. Pabda is fried in mustard oil and cooked with fine slices of raw mango, mustard paste and simmered to perfection. ['signature dish', 'pabda fish', 'fried', 'mustard oil', 'raw mango', 'mustard paste']. False, MAINS NON-VEG (FISH). ['Lunch', 'Dinner', 'Seasonal']. High.","['signature', 'tangy', 'pungent']",Plain Rice,2
Shorshe Ilish,All time classic recipe beyond Bengal where Hilsa fish is cooked with Nigella seeds cooked in mustard paste and green chillies.,"['hilsa fish', 'classic', 'nigella seeds', 'mustard paste', 'green chillies']",40,MAINS NON-VEG (FISH),"['ilish fish', 'mustard paste', 'green chillies']",450,25,FALSE,"['fish', 'mustard']",Medium,"['Lunch', 'Dinner', 'Celebration']",High,"Shorshe Ilish - All time classic recipe beyond Bengal where Hilsa fish is cooked with Nigella seeds cooked in mustard paste and green chillies. ['hilsa fish', 'classic', 'nigella seeds', 'mustard paste', 'green chillies']. False, MAINS NON-VEG (FISH). ['Lunch', 'Dinner', 'Celebration']. High.","['classic', 'authentic', 'rich']",Basanti Pulao,2
Bhapa Ilish,"A delicious steamed preparation from Bengal, loved by all not just Bengalis. Sliced Ilish marinated with kasundi, mustard paste, green chillis steamed well and paired with hot steamed rice.","['ilish fish', 'steamed', 'kasundi', 'mustard paste', 'green chillis', 'delicous']",40,MAINS NON-VEG (FISH),"['ilish fish', 'mustard paste', 'green chillies']",450,25,FALSE,"['fish', 'mustard']",Medium,"['Lunch', 'Dinner', 'Celebration']",High,"Bhapa Ilish - A delicious steamed preparation from Bengal, loved by all not just Bengalis. Sliced Ilish marinated with kasundi, mustard paste, green chillis steamed well and paired with hot steamed rice. ['ilish fish', 'steamed', 'kasundi', 'mustard paste', 'green chillis', 'delicous']. False, MAINS NON-VEG (FISH). ['Lunch', 'Dinner', 'Celebration']. High.","['authentic', 'steamed', 'delicate']",Plain Rice,2
Ilish Aam Tel Jhol,A traditional Bengali dish that combines the rich flavor of Hilsa fish and the tantalizing sweetness of raw mango in a light mustard oil-based curry.,"['hilsa fish', 'traditional', 'raw mango', 'light curry', 'mustard oil-based']",46,MAINS NON-VEG (FISH),"['ilish fish', 'raw mango', 'mustard oil']",450,25,FALSE,"['fish', 'mustard']",Mild,"['Lunch', 'Dinner', 'Seasonal']",Low,"Ilish Aam Tel Jhol - A traditional Bengali dish that combines the rich flavor of Hilsa fish and the tantalizing sweetness of raw mango in a light mustard oil-based curry. ['hilsa fish', 'traditional', 'raw mango', 'light curry', 'mustard oil-based']. False, MAINS NON-VEG (FISH). ['Lunch', 'Dinner', 'Seasonal']. Low.","['traditional', 'tangy', 'light']",Plain Rice,2
Bhetki Paturi,A delicious all time favourite Bengali dish. Bhetki fish fillet coated in paste and wrapped in banana leaves to steam.,"['bhetki fish fillet', 'delicious', 'favourite', 'coated in paste', 'banana leaves', 'steamed']",39,MAINS NON-VEG (FISH),"['bhetki fish', 'mustard paste', 'banana leaf']",450,25,FALSE,"['fish', 'mustard']",Medium,"['Lunch', 'Dinner', 'Celebration']",Medium,"Bhetki Paturi - A delicious all time favourite Bengali dish. Bhetki fish fillet coated in paste and wrapped in banana leaves to steam. ['bhetki fish fillet', 'delicious', 'favourite', 'coated in paste', 'banana leaves', 'steamed']. False, MAINS NON-VEG (FISH). ['Lunch', 'Dinner', 'Celebration']. Medium.","['authentic', 'steamed', 'flavourful']",Plain Rice,1
Morola Tomato Jhal,"A delicious Bengali dish with small Indian morola fish cooked with tomatoes and aromatic spices, bursting with freshness.","['morola fish', 'tomatoes', 'aromatic spices', 'freshness', 'delicious']",35,MAINS NON-VEG (FISH),"['morola fish', 'tomato', 'spices']",450,25,FALSE,"['fish', 'mustard']",Medium,"['Lunch', 'Dinner']",Low,"Morola Tomato Jhal - A delicious Bengali dish with small Indian morola fish cooked with tomatoes and aromatic spices, bursting with freshness. ['morola fish', 'tomatoes', 'aromatic spices', 'freshness', 'delicious']. False, MAINS NON-VEG (FISH). ['Lunch', 'Dinner']. Low.","['fresh', 'flavourful', 'traditional']",Plain Rice,2
Prawn Malaikari,An authentic special preparation from Bengal. Prawn cooked in rich creamy coconut based curry.,"['prawn', 'authentic', 'special preparation', 'rich curry', 'creamy', 'coconut based']",52,MAINS NON-VEG (FISH),"['prawn', 'coconut milk', 'cream', 'ghee']",450,25,FALSE,"['shellfish', 'coconut', 'dairy']",Mild,"['Lunch', 'Dinner', 'Celebration']",Best Seller,"Prawn Malaikari - An authentic special preparation from Bengal. Prawn cooked in rich creamy coconut based curry. ['prawn', 'authentic', 'special preparation', 'rich curry', 'creamy', 'coconut based']. False, MAINS NON-VEG (FISH). ['Lunch', 'Dinner', 'Celebration']. Best Seller.","['indulgent', 'rich', 'sweet']",Basanti Pulao,3
Narkel Shorshe Chingri,Prawns cooked in a mustard and coconut based creamy semi-dry curry that combines creamy texture and distinctive pungent flavour.,"['prawns', 'mustard based', 'coconut based', 'creamy', 'semi-dry curry', 'pungent flavour']",52,MAINS NON-VEG (FISH),"['prawn', 'mustard paste', 'coconut milk']",450,25,FALSE,"['shellfish', 'mustard', 'coconut']",Medium,"['Lunch', 'Dinner']",Medium,"Narkel Shorshe Chingri - Prawns cooked in a mustard and coconut based creamy semi-dry curry that combines creamy texture and distinctive pungent flavour. ['prawns', 'mustard based', 'coconut based', 'creamy', 'semi-dry curry', 'pungent flavour']. False, MAINS NON-VEG (FISH). ['Lunch', 'Dinner']. Medium.","['rich', 'pungent', 'flavourful']",Plain Rice,2
Daab Chingri,"A speciality item from BabuMoshai, tastes simply preparing. Prawns marinated in mustard paste and in-house spices stuffed in coconut and baked in charcoal.","['prawns', 'speciality item', 'mustard paste', 'in-house spices', 'coconut', 'baked in charcoal']",52,MAINS NON-VEG (FISH),"['prawn', 'mustard paste', 'coconut']",250,25,FALSE,"['shellfish', 'mustard', 'coconut']",Medium,"['Dinner', 'Celebration']",Low,"Daab Chingri - A speciality item from BabuMoshai, tastes simply preparing. Prawns marinated in mustard paste and in-house spices stuffed in coconut and baked in charcoal. ['prawns', 'speciality item', 'mustard paste', 'in-house spices', 'coconut', 'baked in charcoal']. False, MAINS NON-VEG (FISH). ['Dinner', 'Celebration']. Low.","['special', 'aromatic', 'unique']",Plain Rice,2
Echor Chingri,"A classic Bengali delicacy made of shrimps (chingri) and tender jackfruit (echor) and other home made spices, cooked in mustard oil and finished with ghee and garam masala.","['shrimps', 'jackfruit', 'homemade spices', 'mustard oil', 'ghee', 'garam masala', 'classic']",40,MAINS NON-VEG (FISH),"['shrimp', 'jackfruit', 'spices', 'ghee']",200,25,FALSE,"['shellfish', 'dairy']",Medium,"['Lunch', 'Dinner']",Medium,"Echor Chingri - A classic Bengali delicacy made of shrimps (chingri) and tender jackfruit (echor) and other home made spices, cooked in mustard oil and finished with ghee and garam masala. ['shrimps', 'jackfruit', 'homemade spices', 'mustard oil', 'ghee', 'garam masala', 'classic']. False, MAINS NON-VEG (FISH). ['Lunch', 'Dinner']. Medium.","['classic', 'rich', 'comfort']",Plain Rice,2
Mocha Chingri,A classic Bengali delicacy made of chopped banana blossom and shrimps (chingri) with coconut and other home made spices finished with ghee and garam masala.,"['banana blossom', 'shrimps', 'coconut', 'homemade spices', 'ghee', 'garam masala', 'classic']",40,MAINS NON-VEG (FISH),"['banana blossom', 'shrimp', 'coconut', 'spices', 'ghee']",300,25,FALSE,"['shellfish', 'coconut', 'dairy']",Medium,"['Lunch', 'Dinner']",Medium,"Mocha Chingri - A classic Bengali delicacy made of chopped banana blossom and shrimps (chingri) with coconut and other home made spices finished with ghee and garam masala. ['banana blossom', 'shrimps', 'coconut', 'homemade spices', 'ghee', 'garam masala', 'classic']. False, MAINS NON-VEG (FISH). ['Lunch', 'Dinner']. Medium.","['classic', 'rich', 'comfort']",Plain Rice,3
Bhuna Chingri,"A delicious and flavorful Bengali-style dish made with prawns that are cooked in a rich, spiced gravy.","['prawns', 'delicious', 'flavorful', 'bengali-style', 'rich gravy', 'spiced']",52,MAINS NON-VEG (FISH),"['prawn', 'onion', 'ginger', 'spices']",200,25,FALSE,['shellfish'],Medium,"['Dinner', 'Celebration']",Medium,"Bhuna Chingri - A delicious and flavorful Bengali-style dish made with prawns that are cooked in a rich, spiced gravy. ['prawns', 'delicious', 'flavorful', 'bengali-style', 'rich gravy', 'spiced']. False, MAINS NON-VEG (FISH). ['Dinner', 'Celebration']. Medium.","['indulgent', 'rich', 'flavourful']",Plain Rice,2
Chital Petir Jhal,"A classic Bengali delicacy is a spicy fish curry made with the inner part of chital, providing a rich and flavorful experience.","['classic', 'bengali delicacy', 'spicy fish curry', 'chital fish', 'rich', 'flavorful']",36,MAINS NON-VEG (FISH),"['chital fish', 'mustard oil', 'spices']",350,25,FALSE,"['fish', 'mustard']",Hot,"['Lunch', 'Dinner']",Medium,"Chital Petir Jhal - A classic Bengali delicacy is a spicy fish curry made with the inner part of chital, providing a rich and flavorful experience. ['classic', 'bengali delicacy', 'spicy fish curry', 'chital fish', 'rich', 'flavorful']. False, MAINS NON-VEG (FISH). ['Lunch', 'Dinner']. Medium.","['spicy', 'rich', 'classic']",Plain Rice,2
Chital Macher Muitha,"A Traditional Bengali delicacy made with a grounded fish paste along with spices, herbs, onion, garlic deep fried, simmered and cooked in a flavourful in-house curry gravy.","['traditional', 'grounded fish paste', 'spices', 'herbs', 'deep fried', 'in-house curry gravy', 'flavourful']",40,MAINS NON-VEG (FISH),"['chital fish paste', 'spices']",380,25,FALSE,['fish'],Medium,"['Lunch', 'Dinner']",Medium,"Chital Macher Muitha - A Traditional Bengali delicacy made with a grounded fish paste along with spices, herbs, onion, garlic deep fried, simmered and cooked in a flavourful in-house curry gravy. ['traditional', 'grounded fish paste', 'spices', 'herbs', 'deep fried', 'in-house curry gravy', 'flavourful']. False, MAINS NON-VEG (FISH). ['Lunch', 'Dinner']. Medium.","['traditional', 'flavourful', 'rich']",Plain Rice,2
Chital Petir Roast,A Traditional Bengali delicacy made with chital fish along with herbs and a spiced gravy until it melts in your mouth.,"['traditional', 'chital fish', 'herbs', 'spiced gravy', 'delicacy']",38,MAINS NON-VEG (FISH),"['chital fish', 'spices', 'herbs']",380,25,FALSE,['fish'],Medium,"['Dinner', 'Celebration']",Medium,"Chital Petir Roast - A Traditional Bengali delicacy made with chital fish along with herbs and a spiced gravy until it melts in your mouth. ['traditional', 'chital fish', 'herbs', 'spiced gravy', 'delicacy']. False, MAINS NON-VEG (FISH). ['Dinner', 'Celebration']. Medium.","['traditional', 'rich', 'delicacy']",Plain Rice,2
Kankra Jhal (As per availability),A Traditional Bengali delicacy that features crab cooked in a spicy and flavourful sauce.,"['traditional', 'crab', 'spicy', 'flavourful sauce', 'availability']",45,MAINS NON-VEG (FISH),"['crab', 'spices', 'mustard oil']",400,25,FALSE,"['shellfish', 'mustard']",Hot,"['Lunch', 'Dinner']",Low,"Kankra Jhal (As per availability) - A Traditional Bengali delicacy that features crab cooked in a spicy and flavourful sauce. ['traditional', 'crab', 'spicy', 'flavourful sauce', 'availability']. False, MAINS NON-VEG (FISH). ['Lunch', 'Dinner']. Low.","['special', 'spicy', 'flavourful']",Plain Rice,2
Potoler Dolma,"The word Dolma means stuffed. This classic dish is filled with coconut, dryfruits, in-house spices and cooked in thin gravy.","['parwal', 'stuffed', 'coconut', 'dryfruits', 'in-house spices', 'thin gravy', 'classic']",40,MAINS NON-VEG (FISH),"['parwal', 'fish/prawn stuffing', 'spices']",380,NA,FALSE,"['fish/shellfish', 'coconut', 'nuts']",Medium,"['Lunch', 'Dinner']",Medium,"Potoler Dolma - The word Dolma means stuffed. This classic dish is filled with coconut, dryfruits, in-house spices and cooked in thin gravy. ['parwal', 'stuffed', 'coconut', 'dryfruits', 'in-house spices', 'thin gravy', 'classic']. False, MAINS NON-VEG (FISH). ['Lunch', 'Dinner']. Medium.","['rich', 'classic', 'authentic']",Basanti Pulao,2
Aamsotto Khejurer Chutney (Seasonal),A sweet and tangy dryfruits chutney seasoned with panchphoran and whole red chilli cooked in sugar.,"['sweet', 'tangy', 'dryfruits', 'seasonal', 'panchphoran', 'red chilli', 'sugar']",15,CHUTNEY,"['mango pulp', 'dates', 'dryfruits']",370,NA,TRUE,['nuts'],Mild,"['Lunch', 'Dinner']",Medium,"Aamsotto Khejurer Chutney (Seasonal) - A sweet and tangy dryfruits chutney seasoned with panchphoran and whole red chilli cooked in sugar. ['sweet', 'tangy', 'dryfruits', 'seasonal', 'panchphoran', 'red chilli', 'sugar']. True, CHUTNEY. ['Lunch', 'Dinner']. Medium.","['sweet', 'tangy', 'seasonal']",NA,3
Pepe Chutney (Seasonal),"A mouthwatering papaya chutney also known as plastic chutney made of sliced green papaya, seasoned with Nigella seeds and cooked in sugar and lime syrup.","['papaya', 'plastic chutney', 'seasonal', 'sliced green papaya', 'nigella seeds', 'sugar', 'lime syrup']",12,CHUTNEY,"['green papaya', 'sugar', 'lime syrup']",350,NA,TRUE,[],Mild,"['Lunch', 'Dinner']",Low,"Pepe Chutney (Seasonal) - A mouthwatering papaya chutney also known as plastic chutney made of sliced green papaya, seasoned with Nigella seeds and cooked in sugar and lime syrup. ['papaya', 'plastic chutney', 'seasonal', 'sliced green papaya', 'nigella seeds', 'sugar', 'lime syrup']. True, CHUTNEY. ['Lunch', 'Dinner']. Low.","['refreshing', 'sweet', 'light']",NA,4
Amer Chutney,"A traditional Bengali summer special thin runny raw mango chutney, flavoured with panch phoron and whole red chilli.","['traditional', 'summer special', 'raw mango', 'panch phoron', 'red chilli', 'thin runny']",15,CHUTNEY,"['raw mango', 'sugar', 'spices']",600,NA,TRUE,[],Mild,"['Lunch', 'Dinner']",Medium,"Amer Chutney - A traditional Bengali summer special thin runny raw mango chutney, flavoured with panch phoron and whole red chilli. ['traditional', 'summer special', 'raw mango', 'panch phoron', 'red chilli', 'thin runny']. True, CHUTNEY. ['Lunch', 'Dinner']. Medium.","['tangy', 'traditional', 'light']",NA,1
Tomato Chutney,"A sweet and tangy condiment commonly enjoyed in Bengali cuisine. It is made with ripe tomatoes, dryfruits, are cooked in sugar syrup, vinegar and often flavored with spices like mustard seeds, dried red chillies, and fennel seeds.","['sweet', 'tangy', 'condiment', 'ripe tomatoes', 'dryfruits', 'sugar syrup', 'mustard seeds', 'fennel seeds']",15,CHUTNEY,"['tomato', 'dryfruits', 'sugar syrup', 'mustard seeds']",700,NA,TRUE,"['mustard', 'nuts']",Mild,"['Lunch', 'Dinner']",High,"Tomato Chutney - A sweet and tangy condiment commonly enjoyed in Bengali cuisine. It is made with ripe tomatoes, dryfruits, are cooked in sugar syrup, vinegar and often flavored with spices like mustard seeds, dried red chillies, and fennel seeds. ['sweet', 'tangy', 'condiment', 'ripe tomatoes', 'dryfruits', 'sugar syrup', 'mustard seeds', 'fennel seeds']. True, CHUTNEY. ['Lunch', 'Dinner']. High.","['sweet', 'tangy', 'comfort']",NA,4
Kasundi Kachumber Salad,Chopped veggies mixed with mustard sauce.,"['chopped vegetables', 'mustard sauce', 'kasundi']",12,SALAD,"['cucumber', 'tomato', 'onion', 'mustard sauce']",450,NA,TRUE,['mustard'],Mild,"['Lunch', 'Dinner']",Medium,"Kasundi Kachumber Salad - Chopped veggies mixed with mustard sauce. ['chopped vegetables', 'mustard sauce', 'kasundi']. True, SALAD. ['Lunch', 'Dinner']. Medium.","['light', 'healthy', 'fresh']",NA,1
Garden Fresh Green Salad,Assorted fresh cut green veggies.,"['assorted', 'fresh cut', 'green vegetables']",12,SALAD,"['cucumber', 'tomato', 'onion']",350,NA,TRUE,[],Mild,"['Lunch', 'Dinner']",High,"Garden Fresh Green Salad - Assorted fresh cut green veggies. ['assorted', 'fresh cut', 'green vegetables']. True, SALAD. ['Lunch', 'Dinner']. High.","['light', 'healthy', 'fresh']",NA,1
Natural Mineral Water | Small,,"['small', 'non-carbonated']",6,BEVERAGE,['water'],200,NA,TRUE,[],Mild,['All Day'],High,"Natural Mineral Water | Small - . ['small', 'non-carbonated']. True, BEVERAGE. ['All Day']. High.","['basic', 'essential', 'neutral']",NA,1
Non - Carbonated Natural Mineral Water | Big,,"['big', 'non-carbonated']",12,BEVERAGE,['water'],100,NA,TRUE,[],Mild,['All Day'],Medium,"Non - Carbonated Natural Mineral Water | Big - . ['big', 'non-carbonated']. True, BEVERAGE. ['All Day']. Medium.","['basic', 'essential', 'neutral']",NA,2
Sparkling Water,,['carbonated'],10,BEVERAGE,['carbonated water'],250,NA,TRUE,[],Mild,['All Day'],Low,"Sparkling Water - . ['carbonated']. True, BEVERAGE. ['All Day']. Low.","['refreshing', 'fizzy', 'neutral']",NA,1
Plain Soda,,['soda'],10,BEVERAGE,['soda water'],150,NA,TRUE,[],Mild,['All Day'],Medium,"Plain Soda - . ['soda']. True, BEVERAGE. ['All Day']. Medium.","['refreshing', 'fizzy', 'neutral']",NA,1
Masala Thums Up,"A spiced beverage prepared by adding thumsup, spices, herbs and lemon curl flavours to enhance the taste, giving a unique zesty twist.","['spiced', 'thumsup', 'zesty twist']",14,BEVERAGE,"['thumsup', 'spices', 'lime']",200,NA,TRUE,[],Mild,['All Day'],Medium,"Masala Thums Up - A spiced beverage prepared by adding thumsup, spices, herbs and lemon curl flavours to enhance the taste, giving a unique zesty twist. ['spiced', 'thumsup', 'zesty twist']. True, BEVERAGE. ['All Day']. Medium.","['zesty', 'fizzy', 'unique']",NA,1
Fresh Lime Soda,"All time favourite fresh lemon drink mixed with sugar, soda, and served with fresh mint.","['fresh lemon', 'soda', 'sugar', 'mint', 'favourite']",15,BEVERAGE,"['fresh lime', 'soda', 'sugar', 'mint']",200,NA,TRUE,[],Mild,['All Day'],High,"Fresh Lime Soda - All time favourite fresh lemon drink mixed with sugar, soda, and served with fresh mint. ['fresh lemon', 'soda', 'sugar', 'mint', 'favourite']. True, BEVERAGE. ['All Day']. High.","['refreshing', 'tangy', 'classic']",NA,1
Smoked Aam Panna,"A delightful smoky and tangy drink prepared with raw smoked mangoes, sugar and spices.","['smoky', 'tangy', 'raw smoked mangoes', 'spices']",15,BEVERAGE,"['raw mango', 'sugar', 'spices']",150,NA,TRUE,[],Mild,"['Lunch', 'Evening Snack']",Medium,"Smoked Aam Panna - A delightful smoky and tangy drink prepared with raw smoked mangoes, sugar and spices. ['smoky', 'tangy', 'raw smoked mangoes', 'spices']. True, BEVERAGE. ['Lunch', 'Evening Snack']. Medium.","['tangy', 'unique', 'refreshing']",NA,1
Gondhoraj Lebur Ghol,"A Bengali aromatic beverage, blend of Gondhoraj (kaffir lime) lemon and yoghurt. It gives a refreshing and citrusy summer cooler drink.","['bengali aromatic', 'kaffir lime', 'lemon', 'yoghurt', 'refreshing', 'citrusy', 'summer cooler']",15,BEVERAGE,"['kaffir lime', 'yoghurt', 'sugar']",200,NA,TRUE,['dairy'],Mild,"['Lunch', 'Evening Snack']",High,"Gondhoraj Lebur Ghol - A Bengali aromatic beverage, blend of Gondhoraj (kaffir lime) lemon and yoghurt. It gives a refreshing and citrusy summer cooler drink. ['bengali aromatic', 'kaffir lime', 'lemon', 'yoghurt', 'refreshing', 'citrusy', 'summer cooler']. True, BEVERAGE. ['Lunch', 'Evening Snack']. High.","['refreshing', 'citrusy', 'aromatic']",NA,1
Mojito Breeze,"Fresh mint leaves are muddled with zesty lime and a touch of simple syrup, creating a vibrant fresh taste.","['fresh mint', 'zesty lime', 'simple syrup', 'vibrant', 'fresh']",16,BEVERAGE,"['mint', 'lime', 'sugar', 'soda']",80,NA,TRUE,[],Mild,['All Day'],High,"Mojito Breeze - Fresh mint leaves are muddled with zesty lime and a touch of simple syrup, creating a vibrant fresh taste. ['fresh mint', 'zesty lime', 'simple syrup', 'vibrant', 'fresh']. True, BEVERAGE. ['All Day']. High.","['refreshing', 'zesty', 'vibrant']",NA,1
Masala Chaach,"Masala Chaach is a refreshing spiced buttermilk made of yogurt, water, cumin, coriander or mint.","['refreshing', 'spiced buttermilk', 'yogurt', 'cumin', 'coriander', 'mint']",15,BEVERAGE,"['yogurt', 'spices', 'salt']",120,NA,TRUE,['dairy'],Mild,['Lunch'],Medium,"Masala Chaach - Masala Chaach is a refreshing spiced buttermilk made of yogurt, water, cumin, coriander or mint. ['refreshing', 'spiced buttermilk', 'yogurt', 'cumin', 'coriander', 'mint']. True, BEVERAGE. ['Lunch']. Medium.","['refreshing', 'wholesome', 'savory']",NA,1
Thumsup,,['cola'],10,BEVERAGE,['cola'],70,NA,TRUE,[],Mild,['All Day'],High,"Thumsup - . ['cola']. True, BEVERAGE. ['All Day']. High.","['basic', 'fizzy', 'neutral']",NA,1
Coke,,['cola'],10,BEVERAGE,['cola'],200,NA,TRUE,[],Mild,['All Day'],Best Seller,"Coke - . ['cola']. True, BEVERAGE. ['All Day']. Best Seller.","['basic', 'fizzy', 'neutral']",NA,1
Sprite,,['lemon-lime'],10,BEVERAGE,['lemon-lime soda'],250,NA,TRUE,[],Mild,['All Day'],High,"Sprite - . ['lemon-lime']. True, BEVERAGE. ['All Day']. High.","['basic', 'fizzy', 'neutral']",NA,1
Zero Coke,,"['cola', 'zero sugar']",10,BEVERAGE,"['cola', 'zero sugar']",60,NA,TRUE,[],Mild,['All Day'],Medium,"Zero Coke - . ['cola', 'zero sugar']. True, BEVERAGE. ['All Day']. Medium.","['basic', 'fizzy', 'neutral']",NA,1
Chaanar Payesh,Cottage cheese cooked in evaporated milk finished with cardamom powder.,"['cottage cheese', 'evaporated milk', 'cardamom']",15,DESSERT,"['cottage cheese', 'milk', 'cardamom', 'sugar']",150,NA,TRUE,['dairy'],Mild,"['Dinner', 'Celebration']",Medium,"Chaanar Payesh - Cottage cheese cooked in evaporated milk finished with cardamom powder. ['cottage cheese', 'evaporated milk', 'cardamom']. True, DESSERT. ['Dinner', 'Celebration']. Medium.","['sweet', 'rich', 'comfort']",NA,2
Mishti Doi,Classic sweet dish from Bengali household where milk is boiled with sugar and formed into yogurt due to the caramelizing technique.,"['classic', 'sweet', 'yogurt', 'caramelizing']",15,DESSERT,"['milk', 'yogurt', 'sugar']",100,NA,TRUE,['dairy'],Mild,"['Dinner', 'Celebration']",Best Seller,"Mishti Doi - Classic sweet dish from Bengali household where milk is boiled with sugar and formed into yogurt due to the caramelizing technique. ['classic', 'sweet', 'yogurt', 'caramelizing']. True, DESSERT. ['Dinner', 'Celebration']. Best Seller.","['classic', 'sweet', 'comfort']",NA,1
Nolen Gurer Sandesh,"Quite literally, a sweet ruling heart of everyone. A rich creamy cottage cheese mixed and cooked with dates and jaggery popularly known as 'Nolen Gur'.","['cottage cheese', 'rich', 'creamy', 'dates', 'jaggery', 'nolen gur']",15,DESSERT,"['cottage cheese', 'dates jaggery', 'milk']",50,NA,TRUE,['dairy'],Mild,"['Dinner', 'Celebration', 'Seasonal']",High,"Nolen Gurer Sandesh - Quite literally, a sweet ruling heart of everyone. A rich creamy cottage cheese mixed and cooked with dates and jaggery popularly known as 'Nolen Gur'. ['cottage cheese', 'rich', 'creamy', 'dates', 'jaggery', 'nolen gur']. True, DESSERT. ['Dinner', 'Celebration', 'Seasonal']. High.","['sweet', 'rich', 'seasonal']",NA,1
Gajar ka Halwa (Seasonal),"A very popular traditional quintessential traditional sweet treat prepared with liberal fresh red carrot in ghee, sugar finished with dash of green cardamom and garnished with dryfruits.","['popular', 'traditional', 'carrot', 'ghee', 'cardamom', 'dryfruits', 'seasonal']",15,DESSERT,"['carrot', 'ghee', 'milk', 'nuts']",200,NA,TRUE,"['dairy', 'nuts']",Mild,"['Dinner', 'Celebration', 'Seasonal']",Medium,"Gajar ka Halwa (Seasonal) - A very popular traditional quintessential traditional sweet treat prepared with liberal fresh red carrot in ghee, sugar finished with dash of green cardamom and garnished with dryfruits. ['popular', 'traditional', 'carrot', 'ghee', 'cardamom', 'dryfruits', 'seasonal']. True, DESSERT. ['Dinner', 'Celebration', 'Seasonal']. Medium.","['comfort', 'sweet', 'rich']",NA,1
Nolen Gurer Rosogolla (Seasonal),A traditional Bengali dessert made with chana and flavoured with nolen gur (date palm jaggery).,"['traditional', 'chana', 'nolen gur', 'date palm jaggery', 'seasonal']",15,DESSERT,"['chana', 'date palm jaggery', 'sugar syrup']",200,NA,TRUE,['dairy'],Mild,"['Dinner', 'Celebration', 'Seasonal']",Medium,"Nolen Gurer Rosogolla (Seasonal) - A traditional Bengali dessert made with chana and flavoured with nolen gur (date palm jaggery). ['traditional', 'chana', 'nolen gur', 'date palm jaggery', 'seasonal']. True, DESSERT. ['Dinner', 'Celebration', 'Seasonal']. Medium.","['sweet', 'traditional', 'seasonal']",NA,1
Vanilla,"A classic and timeless desert made with a base of cream, sugar and vanilla extract.","['classic', 'timeless', 'cream', 'vanilla extract']",12,ICE CREAM,"['cream', 'milk', 'vanilla extract']",300,NA,TRUE,['dairy'],Mild,['All Day'],Medium,"Vanilla - A classic and timeless desert made with a base of cream, sugar and vanilla extract. ['classic', 'timeless', 'cream', 'vanilla extract']. True, ICE CREAM. ['All Day']. Medium.","['sweet', 'basic', 'comfort']",NA,1
Chocolate,"A rich and indulgent frozen treat made with cocoa, sugar, cream and milk.","['rich', 'indulgent', 'cocoa', 'cream', 'milk']",12,ICE CREAM,"['cocoa', 'cream', 'milk']",150,NA,TRUE,['dairy'],Mild,['All Day'],High,"Chocolate - A rich and indulgent frozen treat made with cocoa, sugar, cream and milk. ['rich', 'indulgent', 'cocoa', 'cream', 'milk']. True, ICE CREAM. ['All Day']. High.","['sweet', 'rich', 'indulgent']",NA,1
BabuMoshai Special Nolen Gurer Ice-cream Floats (Seasonal),Authentic Ice Cream made with milk and milk fudge ice cream perfumed with the scent of nolen gur.,"['authentic', 'milk fudge', 'nolen gur', 'seasonal', 'special']",22,ICE CREAM,"['milk', 'nolen gur', 'ice cream']",200,NA,TRUE,['dairy'],Mild,"['All Day', 'Seasonal']",Low,"BabuMoshai Special Nolen Gurer Ice-cream Floats (Seasonal) - Authentic Ice Cream made with milk and milk fudge ice cream perfumed with the scent of nolen gur. ['authentic', 'milk fudge', 'nolen gur', 'seasonal', 'special']. True, ICE CREAM. ['All Day', 'Seasonal']. Low.","['sweet', 'special', 'seasonal']",NA,1